time [s],Current, Voltage, Wire-feed
1669805460.0,0,0,1
1669805460.1,507,137,1
1669805460.1999998,423,149,1
1669805460.2999997,156,135,1
1669805460.3999996,850,127,1
