time [s],Current, Voltage, Wire-feed
1669805432.0,0,0,1
1669805432.1,233,139,1
1669805432.1999998,857,137,1
1669805432.2999997,373,153,1
1669805432.3999996,698,145,1
