time [s],Current, Voltage, Wire-feed
1669805230.0,0,0,1
1669805230.1,393,156,1
1669805230.1999998,135,146,1
1669805230.2999997,351,138,1
1669805230.3999996,680,141,1
